"plan","row","service","component","raw_monthly_usd","display_monthly_usd","service_monthly_usd","state","limitation_ids","has_underestimate_risk","selectors","usage","region","publication_date","build_id"
"案 1","Amazon EC2","Amazon EC2","Compute instance","187.464","$187.46","187.464","warning","free-tier;account-specific-discount;cpu-credits;network-transfer;aggregate-billing","true","{""os"":""Linux""}","{""instanceType"":""a1.2xlarge"",""hours"":""730"",""quantity"":""1""}","ap-northeast-1","2026-10-01T18:47:46Z","20261003T195959Z-2abe18f7"
"案 1","Amazon S3","Amazon S3","S3 Standard storage","","","","invalid","free-tier;account-specific-discount;network-transfer;lifecycle-event-charge","true","{}","{""gbMonths"":""200""}","ap-northeast-1","2026-10-01T18:47:46Z","20261003T195959Z-2abe18f7"
"案 1","Amazon S3","Amazon S3","PUT / COPY / POST / LIST","0.0047","< $0.01","","warning","free-tier;account-specific-discount","false","{}","{""requests"":""1000""}","ap-northeast-1","2026-10-01T18:47:46Z","20261003T195959Z-2abe18f7"
"案 1","Amazon S3","Amazon S3","GET / other requests","0.0037","< $0.01","","warning","free-tier;account-specific-discount","false","{}","{""requests"":""10000""}","ap-northeast-1","2026-10-01T18:47:46Z","20261003T195959Z-2abe18f7"
"案 1","Amazon RDS for PostgreSQL","Amazon RDS for PostgreSQL","DB instance","36.5","$36.50","50.3","warning","free-tier;account-specific-discount;cpu-credits;aggregate-billing;network-transfer;extended-support","true","{""deployment"":""Single-AZ""}","{""instanceType"":""db.t4g.micro"",""hours"":""730"",""quantity"":""2""}","ap-northeast-1","2026-10-01T18:47:46Z","20261003T195959Z-2abe18f7"
"案 1","Amazon RDS for PostgreSQL","Amazon RDS for PostgreSQL","gp3 database storage","13.8","$13.80","50.3","warning","free-tier;account-specific-discount;rds-extra-storage-performance;backup-storage","true","{""deployment"":""Single-AZ""}","{""gbMonths"":""100""}","ap-northeast-1","2026-10-01T18:47:46Z","20261003T195959Z-2abe18f7"
"案 1 の複製","Amazon EC2","Amazon EC2","Compute instance","4.964","$4.96","4.964","warning","free-tier;account-specific-discount;cpu-credits;network-transfer;aggregate-billing","true","{""os"":""Linux""}","{""instanceType"":""t3.micro"",""hours"":""365"",""quantity"":""1""}","ap-northeast-1","2026-10-01T18:47:46Z","20261003T195959Z-2abe18f7"
"案 1 の複製","Amazon EBS","Amazon EBS","Provisioned storage","19.2","$19.20","19.2","warning","free-tier;account-specific-discount","false","{""volume"":""gp3""}","{""gbMonths"":""200""}","ap-northeast-1","2026-10-01T18:47:46Z","20261003T195959Z-2abe18f7"
"案 1 の複製","Amazon EBS","Amazon EBS","Additional provisioned IOPS","0","$0.00","19.2","warning","free-tier;account-specific-discount","false","{""volume"":""gp3""}","{""iopsMonths"":""0""}","ap-northeast-1","2026-10-01T18:47:46Z","20261003T195959Z-2abe18f7"
"案 1 の複製","Amazon EBS","Amazon EBS","Additional provisioned throughput","0","$0.00","19.2","warning","free-tier;account-specific-discount","false","{""volume"":""gp3""}","{""mibpsMonths"":""0""}","ap-northeast-1","2026-10-01T18:47:46Z","20261003T195959Z-2abe18f7"
"案 1 の複製","AWS Lambda","AWS Lambda","Invocations","0.2","$0.20","0.40833375","warning","free-tier;account-specific-discount","false","{""architecture"":""AWS-Lambda-Duration""}","{""requests"":""1000000""}","ap-northeast-1","2026-10-01T18:47:46Z","20261003T195959Z-2abe18f7"
"案 1 の複製","AWS Lambda","AWS Lambda","Billed compute duration","0.20833375","$0.21","0.40833375","warning","free-tier;account-specific-discount;aggregate-billing;network-transfer;organization-usage-aggregation;tier-pricing","true","{""architecture"":""AWS-Lambda-Duration""}","{""seconds"":""100000"",""memoryGb"":""0.125""}","ap-northeast-1","2026-10-01T18:47:46Z","20261003T195959Z-2abe18f7"
